url,Sleepy,Angy,Booba,Soft,Magic,Dommy,Top,Doubun,LMI
https://pub-6dd573008dee4009bea8855056470713.r2.dev/OMD/POSTquality/bed_00124_.jpeg,X,,,,,,,,
https://pub-6dd573008dee4009bea8855056470713.r2.dev/OMD/POSTquality/bulk_00001_.jpeg,,X,X,,,,,,
https://pub-6dd573008dee4009bea8855056470713.r2.dev/OMD/POSTquality/bulk_00019_.jpeg,,,X,X,,,,,
https://pub-6dd573008dee4009bea8855056470713.r2.dev/OMD/POSTquality/bulk_00030_.jpeg,,,X,,,,,,
https://pub-6dd573008dee4009bea8855056470713.r2.dev/OMD/POSTquality/bulk_00070_.jpeg,,,,,,,,,
https://pub-6dd573008dee4009bea8855056470713.r2.dev/OMD/POSTquality/bulk_00117_.jpeg,,,X,,,,,,
https://pub-6dd573008dee4009bea8855056470713.r2.dev/OMD/POSTquality/bulk_00125_.jpeg,,,,,,,,,
https://pub-6dd573008dee4009bea8855056470713.r2.dev/OMD/POSTquality/bulk_00153_.jpeg,X,,,,,,,,
https://pub-6dd573008dee4009bea8855056470713.r2.dev/OMD/POSTquality/bulk_00171_.jpeg,,,,,,,,,
https://pub-6dd573008dee4009bea8855056470713.r2.dev/OMD/POSTquality/bulk_00198_.jpeg,,,X,,,,,,
https://pub-6dd573008dee4009bea8855056470713.r2.dev/OMD/POSTquality/bulk_00202_.jpeg,,,,,X,,,,
https://pub-6dd573008dee4009bea8855056470713.r2.dev/OMD/POSTquality/bulk_00203_.jpeg,,,X,,,,,,
https://pub-6dd573008dee4009bea8855056470713.r2.dev/OMD/POSTquality/bulk_00208_.jpeg,,,,,,X,,,
https://pub-6dd573008dee4009bea8855056470713.r2.dev/OMD/POSTquality/bulk_00210_.jpeg,,,X,,,,,,
https://pub-6dd573008dee4009bea8855056470713.r2.dev/OMD/POSTquality/bulk_00214_.jpeg,,,,,,,,,
https://pub-6dd573008dee4009bea8855056470713.r2.dev/OMD/POSTquality/bulk_00217_.jpeg,,,X,,,,,,
https://pub-6dd573008dee4009bea8855056470713.r2.dev/OMD/POSTquality/bulk_00218_.jpeg,,,X,,,,,,
https://pub-6dd573008dee4009bea8855056470713.r2.dev/OMD/POSTquality/bulk_00221_.jpeg,,,,,,,,,
https://pub-6dd573008dee4009bea8855056470713.r2.dev/OMD/POSTquality/bulk_00224_.jpeg,,,,,,,,,
https://pub-6dd573008dee4009bea8855056470713.r2.dev/OMD/POSTquality/bulk_00237_.jpeg,,,X,,,,,,
https://pub-6dd573008dee4009bea8855056470713.r2.dev/OMD/POSTquality/bulk_00242_.jpeg,,,X,,,,,,
https://pub-6dd573008dee4009bea8855056470713.r2.dev/OMD/POSTquality/bulk_00244_.jpeg,,,,,,X,,,
https://pub-6dd573008dee4009bea8855056470713.r2.dev/OMD/POSTquality/bulk_00277_.jpeg,,,,,,,,,
https://pub-6dd573008dee4009bea8855056470713.r2.dev/OMD/POSTquality/bulk_00286_.jpeg,,,,,,,,,
https://pub-6dd573008dee4009bea8855056470713.r2.dev/OMD/POSTquality/bulk_00294_.jpeg,,,,,,,,,
https://pub-6dd573008dee4009bea8855056470713.r2.dev/OMD/POSTquality/bulk_00307_.jpeg,,,,,,,,,
https://pub-6dd573008dee4009bea8855056470713.r2.dev/OMD/POSTquality/bulk_00311_.jpeg,,,X,,,,,,
https://pub-6dd573008dee4009bea8855056470713.r2.dev/OMD/POSTquality/bulk_00312_.jpeg,,,,,X,,,,
https://pub-6dd573008dee4009bea8855056470713.r2.dev/OMD/POSTquality/bulk_00315_.jpeg,,,X,,,,,,
https://pub-6dd573008dee4009bea8855056470713.r2.dev/OMD/POSTquality/bulk_00321_.jpeg,,,,,,,,,
https://pub-6dd573008dee4009bea8855056470713.r2.dev/OMD/POSTquality/bulk_00326_.jpeg,,,X,,,,,,
https://pub-6dd573008dee4009bea8855056470713.r2.dev/OMD/POSTquality/bulk_00328_.jpeg,,,X,,,,,,
https://pub-6dd573008dee4009bea8855056470713.r2.dev/OMD/POSTquality/bulk_00332_.jpeg,,,,,,,,,
https://pub-6dd573008dee4009bea8855056470713.r2.dev/OMD/POSTquality/bulk_00341_.jpeg,,,,,,,,,
https://pub-6dd573008dee4009bea8855056470713.r2.dev/OMD/POSTquality/bulk_00351_.jpeg,,,X,,,,,,
https://pub-6dd573008dee4009bea8855056470713.r2.dev/OMD/POSTquality/bulk_00352_.jpeg,,,,,,,,,
https://pub-6dd573008dee4009bea8855056470713.r2.dev/OMD/POSTquality/bulk_00366_.jpeg,,,,,X,,,,
https://pub-6dd573008dee4009bea8855056470713.r2.dev/OMD/POSTquality/bulk_00373_.jpeg,,,,,,,,,
https://pub-6dd573008dee4009bea8855056470713.r2.dev/OMD/POSTquality/bulk_00388_.jpeg,,,,,,,,X,
https://pub-6dd573008dee4009bea8855056470713.r2.dev/OMD/POSTquality/bulk_00395_.jpeg,,,X,,X,,,,
https://pub-6dd573008dee4009bea8855056470713.r2.dev/OMD/POSTquality/bulk_00402_.jpeg,,,,,,,,,
https://pub-6dd573008dee4009bea8855056470713.r2.dev/OMD/POSTquality/bulk_00421_.jpeg,,X,,,,,,,
https://pub-6dd573008dee4009bea8855056470713.r2.dev/OMD/POSTquality/bulk_00423_.jpeg,,,X,,,,,,
https://pub-6dd573008dee4009bea8855056470713.r2.dev/OMD/POSTquality/bulk_00442_.jpeg,,,X,,,,,,
https://pub-6dd573008dee4009bea8855056470713.r2.dev/OMD/POSTquality/bulk_00453_.jpeg,,,,,,,,,
https://pub-6dd573008dee4009bea8855056470713.r2.dev/OMD/POSTquality/bulk_00454_.jpeg,,,X,,X,,,,
https://pub-6dd573008dee4009bea8855056470713.r2.dev/OMD/POSTquality/bulk_00463_.jpeg,,,X,,,,,,
https://pub-6dd573008dee4009bea8855056470713.r2.dev/OMD/POSTquality/bulk_00470_.jpeg,,,,,,,,,
https://pub-6dd573008dee4009bea8855056470713.r2.dev/OMD/POSTquality/bulk_00486_.jpeg,,,,,,,,,
https://pub-6dd573008dee4009bea8855056470713.r2.dev/OMD/POSTquality/bulk_00488_.jpeg,,,,,,,,,
https://pub-6dd573008dee4009bea8855056470713.r2.dev/OMD/POSTquality/bulk_00500_.jpeg,X,,X,,,,,,
https://pub-6dd573008dee4009bea8855056470713.r2.dev/OMD/POSTquality/bulk_00505_.jpeg,,,,,,,,X,
https://pub-6dd573008dee4009bea8855056470713.r2.dev/OMD/POSTquality/bulk_00514_.jpeg,,,X,,,,,,
https://pub-6dd573008dee4009bea8855056470713.r2.dev/OMD/POSTquality/bulk_00518_.jpeg,,,X,,,X,,,
https://pub-6dd573008dee4009bea8855056470713.r2.dev/OMD/POSTquality/bulk_00523_.jpeg,,,,X,,,,,
https://pub-6dd573008dee4009bea8855056470713.r2.dev/OMD/POSTquality/bulk_00540_.jpeg,X,,,,,,,,
https://pub-6dd573008dee4009bea8855056470713.r2.dev/OMD/POSTquality/bulk_00547_.jpeg,,,,,,,,,
https://pub-6dd573008dee4009bea8855056470713.r2.dev/OMD/POSTquality/bulk_00548_.jpeg,,,,,,,,,
https://pub-6dd573008dee4009bea8855056470713.r2.dev/OMD/POSTquality/bulk_00559_.jpeg,,X,,,,,,,
https://pub-6dd573008dee4009bea8855056470713.r2.dev/OMD/POSTquality/bulk_00574_.jpeg,,,,,,,,,
https://pub-6dd573008dee4009bea8855056470713.r2.dev/OMD/POSTquality/bulk_00577_.jpeg,,,,,X,,,,
https://pub-6dd573008dee4009bea8855056470713.r2.dev/OMD/POSTquality/bulk_00583_.jpeg,,,,X,,,,,
https://pub-6dd573008dee4009bea8855056470713.r2.dev/OMD/POSTquality/bulk_00597_.jpeg,,,,,,,,,
https://pub-6dd573008dee4009bea8855056470713.r2.dev/OMD/POSTquality/bulk_00604_.jpeg,,,,,,,,,
https://pub-6dd573008dee4009bea8855056470713.r2.dev/OMD/POSTquality/bulk_00605_.jpeg,,,,,,,,,
https://pub-6dd573008dee4009bea8855056470713.r2.dev/OMD/POSTquality/bulk_00612_.jpeg,,,,,,,,,
https://pub-6dd573008dee4009bea8855056470713.r2.dev/OMD/POSTquality/bulk_00620_.jpeg,,,X,,,,,,
https://pub-6dd573008dee4009bea8855056470713.r2.dev/OMD/POSTquality/bulk_00625_.jpeg,,,,,,,,X,
https://pub-6dd573008dee4009bea8855056470713.r2.dev/OMD/POSTquality/bulk_00641_.jpeg,,,,,,,,,
https://pub-6dd573008dee4009bea8855056470713.r2.dev/OMD/POSTquality/bulk_00644_.jpeg,,,X,,,,,,
https://pub-6dd573008dee4009bea8855056470713.r2.dev/OMD/POSTquality/bulk_00646_.jpeg,,,,,X,,,,
https://pub-6dd573008dee4009bea8855056470713.r2.dev/OMD/POSTquality/bulk_00666_.jpeg,X,,,,,,,,
https://pub-6dd573008dee4009bea8855056470713.r2.dev/OMD/POSTquality/bulk_00667_.jpeg,,,X,,,,,,
https://pub-6dd573008dee4009bea8855056470713.r2.dev/OMD/POSTquality/bulk_00671_.jpeg,,,,,,X,,,
https://pub-6dd573008dee4009bea8855056470713.r2.dev/OMD/POSTquality/bulk_00672_.jpeg,,,,,,X,,,
https://pub-6dd573008dee4009bea8855056470713.r2.dev/OMD/POSTquality/bulk_00684_.jpeg,,,,,,,,,X
https://pub-6dd573008dee4009bea8855056470713.r2.dev/OMD/POSTquality/bulk_00697_.jpeg,,,,,,,,,
https://pub-6dd573008dee4009bea8855056470713.r2.dev/OMD/POSTquality/bulk_00698_.jpeg,,,,,,,,,
https://pub-6dd573008dee4009bea8855056470713.r2.dev/OMD/POSTquality/bulk_00702_.jpeg,,,,X,,,,,
https://pub-6dd573008dee4009bea8855056470713.r2.dev/OMD/POSTquality/bulk_00705_.jpeg,,,,,,,,,
https://pub-6dd573008dee4009bea8855056470713.r2.dev/OMD/POSTquality/bulk_00706_.jpeg,,,X,,,,,,
https://pub-6dd573008dee4009bea8855056470713.r2.dev/OMD/POSTquality/bulk_00708_.jpeg,,,X,,,,,,
https://pub-6dd573008dee4009bea8855056470713.r2.dev/OMD/POSTquality/bulk_00709_.jpeg,,,,,,,,,
https://pub-6dd573008dee4009bea8855056470713.r2.dev/OMD/POSTquality/bulk_00710_.jpeg,,,X,,,X,,,
https://pub-6dd573008dee4009bea8855056470713.r2.dev/OMD/POSTquality/bulk_00722_.jpeg,,,,,,,,,
https://pub-6dd573008dee4009bea8855056470713.r2.dev/OMD/POSTquality/bulk_00735_.jpeg,,,X,,,,,,
https://pub-6dd573008dee4009bea8855056470713.r2.dev/OMD/POSTquality/bulk_00736_.jpeg,,,,,,,,,
https://pub-6dd573008dee4009bea8855056470713.r2.dev/OMD/POSTquality/bulk_00739_.jpeg,,,X,,,,,,
https://pub-6dd573008dee4009bea8855056470713.r2.dev/OMD/POSTquality/bulk_00740_.jpeg,,,,,,,,,
https://pub-6dd573008dee4009bea8855056470713.r2.dev/OMD/POSTquality/bulk_00741_.jpeg,,,X,,X,,,,
https://pub-6dd573008dee4009bea8855056470713.r2.dev/OMD/POSTquality/bulk_00746_.jpeg,,,,,,,,,
https://pub-6dd573008dee4009bea8855056470713.r2.dev/OMD/POSTquality/bulk_00750_.jpeg,,,,,,,,X,
https://pub-6dd573008dee4009bea8855056470713.r2.dev/OMD/POSTquality/bulk_00758_.jpeg,,,X,,,,,,
https://pub-6dd573008dee4009bea8855056470713.r2.dev/OMD/POSTquality/bulk_00760_.jpeg,,,,,,,,X,
https://pub-6dd573008dee4009bea8855056470713.r2.dev/OMD/POSTquality/bulk_00773_.jpeg,,,X,,,,,,
https://pub-6dd573008dee4009bea8855056470713.r2.dev/OMD/POSTquality/bulk_00777_.jpeg,,,,,,,,,
https://pub-6dd573008dee4009bea8855056470713.r2.dev/OMD/POSTquality/bulk_00781_.jpeg,,,,,,,,X,
https://pub-6dd573008dee4009bea8855056470713.r2.dev/OMD/POSTquality/bulk_00783_.jpeg,X,,,,X,,,,
https://pub-6dd573008dee4009bea8855056470713.r2.dev/OMD/POSTquality/bulk_00785_.jpeg,,,,,,,,X,
https://pub-6dd573008dee4009bea8855056470713.r2.dev/OMD/POSTquality/bulk_00791_.jpeg,,,X,,,,,,
https://pub-6dd573008dee4009bea8855056470713.r2.dev/OMD/POSTquality/bulk_00796_.jpeg,,,,,,,,,
https://pub-6dd573008dee4009bea8855056470713.r2.dev/OMD/POSTquality/bulk_00804_.jpeg,,,,,,,,,
https://pub-6dd573008dee4009bea8855056470713.r2.dev/OMD/POSTquality/bulk_00810_.jpeg,,,,,,,,,
https://pub-6dd573008dee4009bea8855056470713.r2.dev/OMD/POSTquality/bulk_00828_.jpeg,,,X,,,,,,X
https://pub-6dd573008dee4009bea8855056470713.r2.dev/OMD/POSTquality/bulk_00843_.jpeg,,,,,,,,,
https://pub-6dd573008dee4009bea8855056470713.r2.dev/OMD/POSTquality/bulk_00865_.jpeg,,,,,,,,,
https://pub-6dd573008dee4009bea8855056470713.r2.dev/OMD/POSTquality/bulk_00866_.jpeg,,,,,,,,,
https://pub-6dd573008dee4009bea8855056470713.r2.dev/OMD/POSTquality/bulk_00877_.jpeg,,,,,,,,,
https://pub-6dd573008dee4009bea8855056470713.r2.dev/OMD/POSTquality/bulk_00879_.jpeg,,,,,,,,,
https://pub-6dd573008dee4009bea8855056470713.r2.dev/OMD/POSTquality/bulk_00902_.jpeg,,,,,,,,,
https://pub-6dd573008dee4009bea8855056470713.r2.dev/OMD/POSTquality/bulk_00909_.jpeg,,,,X,,,,,
https://pub-6dd573008dee4009bea8855056470713.r2.dev/OMD/POSTquality/bulk_00925_.jpeg,,,,,,,,,
https://pub-6dd573008dee4009bea8855056470713.r2.dev/OMD/POSTquality/bulk_00926_.jpeg,,,,,,,,,
https://pub-6dd573008dee4009bea8855056470713.r2.dev/OMD/POSTquality/bulk_00935_.jpeg,,,X,,,,,,
https://pub-6dd573008dee4009bea8855056470713.r2.dev/OMD/POSTquality/bulk_00939_.jpeg,,,X,,,,,,
https://pub-6dd573008dee4009bea8855056470713.r2.dev/OMD/POSTquality/bulk_00940_.jpeg,,,,,,,,,
https://pub-6dd573008dee4009bea8855056470713.r2.dev/OMD/POSTquality/bulk_00958_.jpeg,,,X,,,,,,
https://pub-6dd573008dee4009bea8855056470713.r2.dev/OMD/POSTquality/bulk_00959_.jpeg,,,,,X,,,,
https://pub-6dd573008dee4009bea8855056470713.r2.dev/OMD/POSTquality/bulk_00972_.jpeg,,,X,,,,,,
https://pub-6dd573008dee4009bea8855056470713.r2.dev/OMD/POSTquality/bulk_00973_.jpeg,,,X,,X,X,,,
https://pub-6dd573008dee4009bea8855056470713.r2.dev/OMD/POSTquality/bulk_00994_.jpeg,,,X,,,,,,
https://pub-6dd573008dee4009bea8855056470713.r2.dev/OMD/POSTquality/bulk_01013_.jpeg,,,,,,,,,
https://pub-6dd573008dee4009bea8855056470713.r2.dev/OMD/POSTquality/casino_00135_.jpeg,,,X,,,,,,
https://pub-6dd573008dee4009bea8855056470713.r2.dev/OMD/POSTquality/casino_00141_.jpeg,,,,,,,,,
https://pub-6dd573008dee4009bea8855056470713.r2.dev/OMD/POSTquality/casino_00147_.jpeg,,,X,,,,,,X
https://pub-6dd573008dee4009bea8855056470713.r2.dev/OMD/POSTquality/casino_00151_.jpeg,,,X,,,,,,
https://pub-6dd573008dee4009bea8855056470713.r2.dev/OMD/POSTquality/casino_00160_.jpeg,,,X,,,,,,
https://pub-6dd573008dee4009bea8855056470713.r2.dev/OMD/POSTquality/casino_00174_.jpeg,,,X,,,,,,
https://pub-6dd573008dee4009bea8855056470713.r2.dev/OMD/POSTquality/casino_00189_.jpeg,,,,,,,,,
https://pub-6dd573008dee4009bea8855056470713.r2.dev/OMD/POSTquality/casino_00193_.jpeg,,,,,,,,,
https://pub-6dd573008dee4009bea8855056470713.r2.dev/OMD/POSTquality/casino_00194_.jpeg,,,X,,,,,,X
https://pub-6dd573008dee4009bea8855056470713.r2.dev/OMD/POSTquality/casino_00202_.jpeg,,,,,,,,,
https://pub-6dd573008dee4009bea8855056470713.r2.dev/OMD/POSTquality/casino_00207_.jpeg,,,X,,,,,,
https://pub-6dd573008dee4009bea8855056470713.r2.dev/OMD/POSTquality/casino_00220_.jpeg,,,,,,,,,
https://pub-6dd573008dee4009bea8855056470713.r2.dev/OMD/spamapproved/bed_00127_.jpeg,,,,,,,,,
https://pub-6dd573008dee4009bea8855056470713.r2.dev/OMD/spamapproved/bulk_00018_.jpeg,,,,,,,,,
https://pub-6dd573008dee4009bea8855056470713.r2.dev/OMD/spamapproved/bulk_00036_.jpeg,,,,,,,,,
https://pub-6dd573008dee4009bea8855056470713.r2.dev/OMD/spamapproved/bulk_00057_.jpeg,,,,,,,,,
https://pub-6dd573008dee4009bea8855056470713.r2.dev/OMD/spamapproved/bulk_00087_.jpeg,,,,,,,,,
https://pub-6dd573008dee4009bea8855056470713.r2.dev/OMD/spamapproved/bulk_00089_.jpeg,,,,,,,,,
https://pub-6dd573008dee4009bea8855056470713.r2.dev/OMD/spamapproved/bulk_00090_.jpeg,,,,,,,,,
https://pub-6dd573008dee4009bea8855056470713.r2.dev/OMD/spamapproved/bulk_00099_.jpeg,,,,,,,,,
https://pub-6dd573008dee4009bea8855056470713.r2.dev/OMD/spamapproved/bulk_00106_.jpeg,,,,,,,,,
https://pub-6dd573008dee4009bea8855056470713.r2.dev/OMD/spamapproved/bulk_00108_.jpeg,,,,,,,,,
https://pub-6dd573008dee4009bea8855056470713.r2.dev/OMD/spamapproved/bulk_00124_.jpeg,,,,,,,,,
https://pub-6dd573008dee4009bea8855056470713.r2.dev/OMD/spamapproved/bulk_00130_.jpeg,,,,,,,,,
https://pub-6dd573008dee4009bea8855056470713.r2.dev/OMD/spamapproved/bulk_00137_.jpeg,,,,,,,,,
https://pub-6dd573008dee4009bea8855056470713.r2.dev/OMD/spamapproved/bulk_00147_.jpeg,,,,,,,,,
https://pub-6dd573008dee4009bea8855056470713.r2.dev/OMD/spamapproved/bulk_00168_.jpeg,,,,,,,,,
https://pub-6dd573008dee4009bea8855056470713.r2.dev/OMD/spamapproved/bulk_00184_.jpeg,,,,,,,,,
https://pub-6dd573008dee4009bea8855056470713.r2.dev/OMD/spamapproved/bulk_00186_.jpeg,,,,,,,,,
https://pub-6dd573008dee4009bea8855056470713.r2.dev/OMD/spamapproved/bulk_00191_.jpeg,,,,,,,,,
https://pub-6dd573008dee4009bea8855056470713.r2.dev/OMD/spamapproved/bulk_00192_.jpeg,,,,,,,,,
https://pub-6dd573008dee4009bea8855056470713.r2.dev/OMD/spamapproved/bulk_00193_.jpeg,,,,,,,,,
https://pub-6dd573008dee4009bea8855056470713.r2.dev/OMD/spamapproved/bulk_00196_.jpeg,,,,,,,,,
https://pub-6dd573008dee4009bea8855056470713.r2.dev/OMD/spamapproved/bulk_00199_.jpeg,,,,,,,,,
https://pub-6dd573008dee4009bea8855056470713.r2.dev/OMD/spamapproved/bulk_00201_.jpeg,,,,,,,,,
https://pub-6dd573008dee4009bea8855056470713.r2.dev/OMD/spamapproved/bulk_00204_.jpeg,,,,,,,,,
https://pub-6dd573008dee4009bea8855056470713.r2.dev/OMD/spamapproved/bulk_00207_.jpeg,,,,,,,,,
https://pub-6dd573008dee4009bea8855056470713.r2.dev/OMD/spamapproved/bulk_00213_.jpeg,,,,,,,,,
https://pub-6dd573008dee4009bea8855056470713.r2.dev/OMD/spamapproved/bulk_00216_.jpeg,,,,,,,,,
https://pub-6dd573008dee4009bea8855056470713.r2.dev/OMD/spamapproved/bulk_00219_.jpeg,,,,,,,,,
https://pub-6dd573008dee4009bea8855056470713.r2.dev/OMD/spamapproved/bulk_00220_.jpeg,,,,,,,,,
https://pub-6dd573008dee4009bea8855056470713.r2.dev/OMD/spamapproved/bulk_00225_.jpeg,,,,,,,,,
https://pub-6dd573008dee4009bea8855056470713.r2.dev/OMD/spamapproved/bulk_00229_.jpeg,,,,,,,,,
https://pub-6dd573008dee4009bea8855056470713.r2.dev/OMD/spamapproved/bulk_00233_.jpeg,,,,,,,,,
https://pub-6dd573008dee4009bea8855056470713.r2.dev/OMD/spamapproved/bulk_00241_.jpeg,,,,,,,,,
https://pub-6dd573008dee4009bea8855056470713.r2.dev/OMD/spamapproved/bulk_00245_.jpeg,,,,,,,,,
https://pub-6dd573008dee4009bea8855056470713.r2.dev/OMD/spamapproved/bulk_00249_.jpeg,,,,,,,,,
https://pub-6dd573008dee4009bea8855056470713.r2.dev/OMD/spamapproved/bulk_00250_.jpeg,,,,,,,,,
https://pub-6dd573008dee4009bea8855056470713.r2.dev/OMD/spamapproved/bulk_00252_.jpeg,,,,,,,,,
https://pub-6dd573008dee4009bea8855056470713.r2.dev/OMD/spamapproved/bulk_00254_.jpeg,,,,,,,,,
https://pub-6dd573008dee4009bea8855056470713.r2.dev/OMD/spamapproved/bulk_00255_.jpeg,,,,,,,,,
https://pub-6dd573008dee4009bea8855056470713.r2.dev/OMD/spamapproved/bulk_00258_.jpeg,,,,,,,,,
https://pub-6dd573008dee4009bea8855056470713.r2.dev/OMD/spamapproved/bulk_00273_.jpeg,,,,,,,,,
https://pub-6dd573008dee4009bea8855056470713.r2.dev/OMD/spamapproved/bulk_00278_.jpeg,,,,,,,,,
https://pub-6dd573008dee4009bea8855056470713.r2.dev/OMD/spamapproved/bulk_00283_.jpeg,,,,,,,,,
https://pub-6dd573008dee4009bea8855056470713.r2.dev/OMD/spamapproved/bulk_00289_.jpeg,,,,,,,,,
https://pub-6dd573008dee4009bea8855056470713.r2.dev/OMD/spamapproved/bulk_00303_.jpeg,,,,,,,,,
https://pub-6dd573008dee4009bea8855056470713.r2.dev/OMD/spamapproved/bulk_00314_.jpeg,,,,,,,,,
https://pub-6dd573008dee4009bea8855056470713.r2.dev/OMD/spamapproved/bulk_00316_.jpeg,,,,,,,,,
https://pub-6dd573008dee4009bea8855056470713.r2.dev/OMD/spamapproved/bulk_00319_.jpeg,,,,,,,,,
https://pub-6dd573008dee4009bea8855056470713.r2.dev/OMD/spamapproved/bulk_00325_.jpeg,,,,,,,,,
https://pub-6dd573008dee4009bea8855056470713.r2.dev/OMD/spamapproved/bulk_00329_.jpeg,,,,,,,,,
https://pub-6dd573008dee4009bea8855056470713.r2.dev/OMD/spamapproved/bulk_00345_.jpeg,,,,,,,,,
https://pub-6dd573008dee4009bea8855056470713.r2.dev/OMD/spamapproved/bulk_00347_.jpeg,,,,,,,,,
https://pub-6dd573008dee4009bea8855056470713.r2.dev/OMD/spamapproved/bulk_00348_.jpeg,,,,,,,,,
https://pub-6dd573008dee4009bea8855056470713.r2.dev/OMD/spamapproved/bulk_00363_.jpeg,,,,,,,,,
https://pub-6dd573008dee4009bea8855056470713.r2.dev/OMD/spamapproved/bulk_00364_.jpeg,,,,,,,,,
https://pub-6dd573008dee4009bea8855056470713.r2.dev/OMD/spamapproved/bulk_00365_.jpeg,,,,,,,,,
https://pub-6dd573008dee4009bea8855056470713.r2.dev/OMD/spamapproved/bulk_00381_.jpeg,,,,,,,,,
https://pub-6dd573008dee4009bea8855056470713.r2.dev/OMD/spamapproved/bulk_00386_.jpeg,,,,,,,,,
https://pub-6dd573008dee4009bea8855056470713.r2.dev/OMD/spamapproved/bulk_00392_.jpeg,,,,,,,,,
https://pub-6dd573008dee4009bea8855056470713.r2.dev/OMD/spamapproved/bulk_00397_.jpeg,,,,,,,,,
https://pub-6dd573008dee4009bea8855056470713.r2.dev/OMD/spamapproved/bulk_00407_.jpeg,,,,,,,,,
https://pub-6dd573008dee4009bea8855056470713.r2.dev/OMD/spamapproved/bulk_00410_.jpeg,,,,,,,,,
https://pub-6dd573008dee4009bea8855056470713.r2.dev/OMD/spamapproved/bulk_00417_.jpeg,,,,,,,,,
https://pub-6dd573008dee4009bea8855056470713.r2.dev/OMD/spamapproved/bulk_00418_.jpeg,,,,,,,,,
https://pub-6dd573008dee4009bea8855056470713.r2.dev/OMD/spamapproved/bulk_00420_.jpeg,,,,,,,,,
https://pub-6dd573008dee4009bea8855056470713.r2.dev/OMD/spamapproved/bulk_00424_.jpeg,,,,,,,,,
https://pub-6dd573008dee4009bea8855056470713.r2.dev/OMD/spamapproved/bulk_00428_.jpeg,,,,,,,,,
https://pub-6dd573008dee4009bea8855056470713.r2.dev/OMD/spamapproved/bulk_00431_.jpeg,,,,,,,,,
https://pub-6dd573008dee4009bea8855056470713.r2.dev/OMD/spamapproved/bulk_00434_.jpeg,,,,,,,,,
https://pub-6dd573008dee4009bea8855056470713.r2.dev/OMD/spamapproved/bulk_00439_.jpeg,,,,,,,,,
https://pub-6dd573008dee4009bea8855056470713.r2.dev/OMD/spamapproved/bulk_00451_.jpeg,,,,,,,,,
https://pub-6dd573008dee4009bea8855056470713.r2.dev/OMD/spamapproved/bulk_00455_.jpeg,,,,,,,,,
https://pub-6dd573008dee4009bea8855056470713.r2.dev/OMD/spamapproved/bulk_00456_.jpeg,,,,,,,,,
https://pub-6dd573008dee4009bea8855056470713.r2.dev/OMD/spamapproved/bulk_00460_.jpeg,,,,,,,,,
https://pub-6dd573008dee4009bea8855056470713.r2.dev/OMD/spamapproved/bulk_00461_.jpeg,,,,,,,,,
https://pub-6dd573008dee4009bea8855056470713.r2.dev/OMD/spamapproved/bulk_00479_.jpeg,,,,,,,,,
https://pub-6dd573008dee4009bea8855056470713.r2.dev/OMD/spamapproved/bulk_00480_.jpeg,,,,,,,,,
https://pub-6dd573008dee4009bea8855056470713.r2.dev/OMD/spamapproved/bulk_00482_.jpeg,,,,,,,,,
https://pub-6dd573008dee4009bea8855056470713.r2.dev/OMD/spamapproved/bulk_00485_.jpeg,,,,,,,,,
https://pub-6dd573008dee4009bea8855056470713.r2.dev/OMD/spamapproved/bulk_00487_.jpeg,,,,,,,,,
https://pub-6dd573008dee4009bea8855056470713.r2.dev/OMD/spamapproved/bulk_00491_.jpeg,,,,,,,,,
https://pub-6dd573008dee4009bea8855056470713.r2.dev/OMD/spamapproved/bulk_00498_.jpeg,,,,,,,,,
https://pub-6dd573008dee4009bea8855056470713.r2.dev/OMD/spamapproved/bulk_00511_.jpeg,,,,,,,,,
https://pub-6dd573008dee4009bea8855056470713.r2.dev/OMD/spamapproved/bulk_00512_.jpeg,,,,,,,,,
https://pub-6dd573008dee4009bea8855056470713.r2.dev/OMD/spamapproved/bulk_00515_.jpeg,,,,,,,,,
https://pub-6dd573008dee4009bea8855056470713.r2.dev/OMD/spamapproved/bulk_00516_.jpeg,,,,,,,,,
https://pub-6dd573008dee4009bea8855056470713.r2.dev/OMD/spamapproved/bulk_00524_.jpeg,,,,,,,,,
https://pub-6dd573008dee4009bea8855056470713.r2.dev/OMD/spamapproved/bulk_00526_.jpeg,,,,,,,,,
https://pub-6dd573008dee4009bea8855056470713.r2.dev/OMD/spamapproved/bulk_00533_.jpeg,,,,,,,,,
https://pub-6dd573008dee4009bea8855056470713.r2.dev/OMD/spamapproved/bulk_00539_.jpeg,,,,,,,,,
https://pub-6dd573008dee4009bea8855056470713.r2.dev/OMD/spamapproved/bulk_00561_.jpeg,,,,,,,,,
https://pub-6dd573008dee4009bea8855056470713.r2.dev/OMD/spamapproved/bulk_00562_.jpeg,,,,,,,,,
https://pub-6dd573008dee4009bea8855056470713.r2.dev/OMD/spamapproved/bulk_00563_.jpeg,,,,,,,,,
https://pub-6dd573008dee4009bea8855056470713.r2.dev/OMD/spamapproved/bulk_00568_.jpeg,,,,,,,,,
https://pub-6dd573008dee4009bea8855056470713.r2.dev/OMD/spamapproved/bulk_00572_.jpeg,,,,,,,,,
https://pub-6dd573008dee4009bea8855056470713.r2.dev/OMD/spamapproved/bulk_00582_.jpeg,,,,,,,,,
https://pub-6dd573008dee4009bea8855056470713.r2.dev/OMD/spamapproved/bulk_00589_.jpeg,,,,,,,,,
https://pub-6dd573008dee4009bea8855056470713.r2.dev/OMD/spamapproved/bulk_00590_.jpeg,,,,,,,,,
https://pub-6dd573008dee4009bea8855056470713.r2.dev/OMD/spamapproved/bulk_00592_.jpeg,,,,,,,,,
https://pub-6dd573008dee4009bea8855056470713.r2.dev/OMD/spamapproved/bulk_00596_.jpeg,,,,,,,,,
https://pub-6dd573008dee4009bea8855056470713.r2.dev/OMD/spamapproved/bulk_00601_.jpeg,,,,,,,,,
https://pub-6dd573008dee4009bea8855056470713.r2.dev/OMD/spamapproved/bulk_00602_.jpeg,,,,,,,,,
https://pub-6dd573008dee4009bea8855056470713.r2.dev/OMD/spamapproved/bulk_00628_.jpeg,,,,,,,,,
https://pub-6dd573008dee4009bea8855056470713.r2.dev/OMD/spamapproved/bulk_00632_.jpeg,,,,,,,,,
https://pub-6dd573008dee4009bea8855056470713.r2.dev/OMD/spamapproved/bulk_00633_.jpeg,,,,,,,,,
https://pub-6dd573008dee4009bea8855056470713.r2.dev/OMD/spamapproved/bulk_00634_.jpeg,,,,,,,,,
https://pub-6dd573008dee4009bea8855056470713.r2.dev/OMD/spamapproved/bulk_00635_.jpeg,,,,,,,,,
https://pub-6dd573008dee4009bea8855056470713.r2.dev/OMD/spamapproved/bulk_00650_.jpeg,,,,,,,,,
https://pub-6dd573008dee4009bea8855056470713.r2.dev/OMD/spamapproved/bulk_00656_.jpeg,,,,,,,,,
https://pub-6dd573008dee4009bea8855056470713.r2.dev/OMD/spamapproved/bulk_00659_.jpeg,,,,,,,,,
https://pub-6dd573008dee4009bea8855056470713.r2.dev/OMD/spamapproved/bulk_00665_.jpeg,,,,,,,,,
https://pub-6dd573008dee4009bea8855056470713.r2.dev/OMD/spamapproved/bulk_00669_.jpeg,,,,,,,,,
https://pub-6dd573008dee4009bea8855056470713.r2.dev/OMD/spamapproved/bulk_00683_.jpeg,,,,,,,,,
https://pub-6dd573008dee4009bea8855056470713.r2.dev/OMD/spamapproved/bulk_00694_.jpeg,,,,,,,,,
https://pub-6dd573008dee4009bea8855056470713.r2.dev/OMD/spamapproved/bulk_00704_.jpeg,,,,,,,,,
https://pub-6dd573008dee4009bea8855056470713.r2.dev/OMD/spamapproved/bulk_00713_.jpeg,,,,,,,,,
https://pub-6dd573008dee4009bea8855056470713.r2.dev/OMD/spamapproved/bulk_00723_.jpeg,,,,,,,,,
https://pub-6dd573008dee4009bea8855056470713.r2.dev/OMD/spamapproved/bulk_00730_.jpeg,,,,,,,,,
https://pub-6dd573008dee4009bea8855056470713.r2.dev/OMD/spamapproved/bulk_00734_.jpeg,,,,,,,,,
https://pub-6dd573008dee4009bea8855056470713.r2.dev/OMD/spamapproved/bulk_00738_.jpeg,,,,,,,,,
https://pub-6dd573008dee4009bea8855056470713.r2.dev/OMD/spamapproved/bulk_00744_.jpeg,,,,,,,,,
https://pub-6dd573008dee4009bea8855056470713.r2.dev/OMD/spamapproved/bulk_00755_.jpeg,,,,,,,,,
https://pub-6dd573008dee4009bea8855056470713.r2.dev/OMD/spamapproved/bulk_00765_.jpeg,,,,,,,,,
https://pub-6dd573008dee4009bea8855056470713.r2.dev/OMD/spamapproved/bulk_00776_.jpeg,,,,,,,,,
https://pub-6dd573008dee4009bea8855056470713.r2.dev/OMD/spamapproved/bulk_00787_.jpeg,,,,,,,,,
https://pub-6dd573008dee4009bea8855056470713.r2.dev/OMD/spamapproved/bulk_00813_.jpeg,,,,,,,,,
https://pub-6dd573008dee4009bea8855056470713.r2.dev/OMD/spamapproved/bulk_00825_.jpeg,,,,,,,,,
https://pub-6dd573008dee4009bea8855056470713.r2.dev/OMD/spamapproved/bulk_00836_.jpeg,,,,,,,,,
https://pub-6dd573008dee4009bea8855056470713.r2.dev/OMD/spamapproved/bulk_00838_.jpeg,,,,,,,,,
https://pub-6dd573008dee4009bea8855056470713.r2.dev/OMD/spamapproved/bulk_00846_.jpeg,,,,,,,,,
https://pub-6dd573008dee4009bea8855056470713.r2.dev/OMD/spamapproved/bulk_00861_.jpeg,,,,,,,,,
https://pub-6dd573008dee4009bea8855056470713.r2.dev/OMD/spamapproved/bulk_00863_.jpeg,,,,,,,,,
https://pub-6dd573008dee4009bea8855056470713.r2.dev/OMD/spamapproved/bulk_00869_.jpeg,,,,,,,,,
https://pub-6dd573008dee4009bea8855056470713.r2.dev/OMD/spamapproved/bulk_00870_.jpeg,,,,,,,,,
https://pub-6dd573008dee4009bea8855056470713.r2.dev/OMD/spamapproved/bulk_00873_.jpeg,,,,,,,,,
https://pub-6dd573008dee4009bea8855056470713.r2.dev/OMD/spamapproved/bulk_00875_.jpeg,,,,,,,,,
https://pub-6dd573008dee4009bea8855056470713.r2.dev/OMD/spamapproved/bulk_00887_.jpeg,,,,,,,,,
https://pub-6dd573008dee4009bea8855056470713.r2.dev/OMD/spamapproved/bulk_00890_.jpeg,,,,,,,,,
https://pub-6dd573008dee4009bea8855056470713.r2.dev/OMD/spamapproved/bulk_00898_.jpeg,,,,,,,,,
https://pub-6dd573008dee4009bea8855056470713.r2.dev/OMD/spamapproved/bulk_00899_.jpeg,,,,,,,,,
https://pub-6dd573008dee4009bea8855056470713.r2.dev/OMD/spamapproved/bulk_00900_.jpeg,,,,,,,,,
https://pub-6dd573008dee4009bea8855056470713.r2.dev/OMD/spamapproved/bulk_00905_.jpeg,,,,,,,,,
https://pub-6dd573008dee4009bea8855056470713.r2.dev/OMD/spamapproved/bulk_00915_.jpeg,,,,,,,,,
https://pub-6dd573008dee4009bea8855056470713.r2.dev/OMD/spamapproved/bulk_00923_.jpeg,,,,,,,,,
https://pub-6dd573008dee4009bea8855056470713.r2.dev/OMD/spamapproved/bulk_00924_.jpeg,,,,,,,,,
https://pub-6dd573008dee4009bea8855056470713.r2.dev/OMD/spamapproved/bulk_00930_.jpeg,,,,,,,,,
https://pub-6dd573008dee4009bea8855056470713.r2.dev/OMD/spamapproved/bulk_00936_.jpeg,,,,,,,,,
https://pub-6dd573008dee4009bea8855056470713.r2.dev/OMD/spamapproved/bulk_00937_.jpeg,,,,,,,,,
https://pub-6dd573008dee4009bea8855056470713.r2.dev/OMD/spamapproved/bulk_00950_.jpeg,,,,,,,,,
https://pub-6dd573008dee4009bea8855056470713.r2.dev/OMD/spamapproved/bulk_00952_.jpeg,,,,,,,,,
https://pub-6dd573008dee4009bea8855056470713.r2.dev/OMD/spamapproved/bulk_00953_.jpeg,,,,,,,,,
https://pub-6dd573008dee4009bea8855056470713.r2.dev/OMD/spamapproved/bulk_00954_.jpeg,,,,,,,,,
https://pub-6dd573008dee4009bea8855056470713.r2.dev/OMD/spamapproved/bulk_00963_.jpeg,,,,,,,,,
https://pub-6dd573008dee4009bea8855056470713.r2.dev/OMD/spamapproved/bulk_00964_.jpeg,,,,,,,,,
https://pub-6dd573008dee4009bea8855056470713.r2.dev/OMD/spamapproved/bulk_00969_.jpeg,,,,,,,,,
https://pub-6dd573008dee4009bea8855056470713.r2.dev/OMD/spamapproved/bulk_00974_.jpeg,,,,,,,,,
https://pub-6dd573008dee4009bea8855056470713.r2.dev/OMD/spamapproved/bulk_00975_.jpeg,,,,,,,,,
https://pub-6dd573008dee4009bea8855056470713.r2.dev/OMD/spamapproved/bulk_00981_.jpeg,,,,,,,,,
https://pub-6dd573008dee4009bea8855056470713.r2.dev/OMD/spamapproved/bulk_00985_.jpeg,,,,,,,,,
https://pub-6dd573008dee4009bea8855056470713.r2.dev/OMD/spamapproved/bulk_00986_.jpeg,,,,,,,,,
https://pub-6dd573008dee4009bea8855056470713.r2.dev/OMD/spamapproved/bulk_00997_.jpeg,,,,,,,,,
https://pub-6dd573008dee4009bea8855056470713.r2.dev/OMD/spamapproved/bulk_01001_.jpeg,,,,,,,,,
https://pub-6dd573008dee4009bea8855056470713.r2.dev/OMD/spamapproved/bulk_01011_.jpeg,,,,,,,,,
https://pub-6dd573008dee4009bea8855056470713.r2.dev/OMD/spamapproved/casino_00132_.jpeg,,,,,,,,,
https://pub-6dd573008dee4009bea8855056470713.r2.dev/OMD/spamapproved/casino_00138_.jpeg,,,,,,,,,
https://pub-6dd573008dee4009bea8855056470713.r2.dev/OMD/spamapproved/casino_00140_.jpeg,,,,,,,,,
https://pub-6dd573008dee4009bea8855056470713.r2.dev/OMD/spamapproved/casino_00143_.jpeg,,,,,,,,,
https://pub-6dd573008dee4009bea8855056470713.r2.dev/OMD/spamapproved/casino_00145_.jpeg,,,,,,,,,
https://pub-6dd573008dee4009bea8855056470713.r2.dev/OMD/spamapproved/casino_00146_.jpeg,,,,,,,,,
https://pub-6dd573008dee4009bea8855056470713.r2.dev/OMD/spamapproved/casino_00152_.jpeg,,,,,,,,,
https://pub-6dd573008dee4009bea8855056470713.r2.dev/OMD/spamapproved/casino_00158_.jpeg,,,,,,,,,
https://pub-6dd573008dee4009bea8855056470713.r2.dev/OMD/spamapproved/casino_00164_.jpeg,,,,,,,,,
https://pub-6dd573008dee4009bea8855056470713.r2.dev/OMD/spamapproved/casino_00169_.jpeg,,,,,,,,,
https://pub-6dd573008dee4009bea8855056470713.r2.dev/OMD/spamapproved/casino_00170_.jpeg,,,,,,,,,
https://pub-6dd573008dee4009bea8855056470713.r2.dev/OMD/spamapproved/casino_00173_.jpeg,,,,,,,,,
https://pub-6dd573008dee4009bea8855056470713.r2.dev/OMD/spamapproved/casino_00179_.jpeg,,,,,,,,,
https://pub-6dd573008dee4009bea8855056470713.r2.dev/OMD/spamapproved/casino_00206_.jpeg,,,,,,,,,
https://pub-6dd573008dee4009bea8855056470713.r2.dev/OMD/spamapproved/casino_00210_.jpeg,,,,,,,,,
https://pub-6dd573008dee4009bea8855056470713.r2.dev/OMD/spamapproved/casino_00211_.jpeg,,,,,,,,,
https://pub-6dd573008dee4009bea8855056470713.r2.dev/OMD/spamapproved/casino_00215_.jpeg,,,,,,,,,
https://pub-6dd573008dee4009bea8855056470713.r2.dev/OMD/spamapproved/casino_00223_.jpeg,,,,,,,,,
https://pub-6dd573008dee4009bea8855056470713.r2.dev/OMD/spamapproved/ComfyUI_00152_.jpeg,,,,,,,,,
https://pub-6dd573008dee4009bea8855056470713.r2.dev/OMD/TOPquality/bulk_00020_.jpeg,X,,X,X,,,X,,
https://pub-6dd573008dee4009bea8855056470713.r2.dev/OMD/TOPquality/bulk_00023_.jpeg,,,X,,,X,X,,
https://pub-6dd573008dee4009bea8855056470713.r2.dev/OMD/TOPquality/bulk_00035_.jpeg,,,X,,,,X,,
https://pub-6dd573008dee4009bea8855056470713.r2.dev/OMD/TOPquality/bulk_00041_.jpeg,X,,X,,,,X,,
https://pub-6dd573008dee4009bea8855056470713.r2.dev/OMD/TOPquality/bulk_00042_.jpeg,X,,X,,,,X,,
https://pub-6dd573008dee4009bea8855056470713.r2.dev/OMD/TOPquality/bulk_00071_.jpeg,,,,,,,X,,
https://pub-6dd573008dee4009bea8855056470713.r2.dev/OMD/TOPquality/bulk_00095_.jpeg,,,X,,,,X,,X
https://pub-6dd573008dee4009bea8855056470713.r2.dev/OMD/TOPquality/bulk_00120_.jpeg,,,X,,,,X,,
https://pub-6dd573008dee4009bea8855056470713.r2.dev/OMD/TOPquality/bulk_00127_.jpeg,,,X,,,,X,,
https://pub-6dd573008dee4009bea8855056470713.r2.dev/OMD/TOPquality/bulk_00143_.jpeg,,,,,,,X,,
https://pub-6dd573008dee4009bea8855056470713.r2.dev/OMD/TOPquality/bulk_00154_.jpeg,X,,,,,,X,,
https://pub-6dd573008dee4009bea8855056470713.r2.dev/OMD/TOPquality/bulk_00157_.jpeg,,,X,,,X,X,,
https://pub-6dd573008dee4009bea8855056470713.r2.dev/OMD/TOPquality/bulk_00164_.jpeg,,,,,,,X,,
https://pub-6dd573008dee4009bea8855056470713.r2.dev/OMD/TOPquality/bulk_00209_.jpeg,,,X,,,X,X,,
https://pub-6dd573008dee4009bea8855056470713.r2.dev/OMD/TOPquality/bulk_00228_.jpeg,,,X,X,,,X,,
https://pub-6dd573008dee4009bea8855056470713.r2.dev/OMD/TOPquality/bulk_00243_.jpeg,,,,,,X,X,,X
https://pub-6dd573008dee4009bea8855056470713.r2.dev/OMD/TOPquality/bulk_00293_.jpeg,X,,,,,,X,,
https://pub-6dd573008dee4009bea8855056470713.r2.dev/OMD/TOPquality/bulk_00299_.jpeg,,,,,,X,X,,
https://pub-6dd573008dee4009bea8855056470713.r2.dev/OMD/TOPquality/bulk_00322_.jpeg,,,X,,,,X,,
https://pub-6dd573008dee4009bea8855056470713.r2.dev/OMD/TOPquality/bulk_00379_.jpeg,,,X,,,,X,,X
https://pub-6dd573008dee4009bea8855056470713.r2.dev/OMD/TOPquality/bulk_00396_.jpeg,,,X,,X,,X,,
https://pub-6dd573008dee4009bea8855056470713.r2.dev/OMD/TOPquality/bulk_00441_.jpeg,,,,,,X,X,,
https://pub-6dd573008dee4009bea8855056470713.r2.dev/OMD/TOPquality/bulk_00469_.jpeg,,,,,,X,X,,
https://pub-6dd573008dee4009bea8855056470713.r2.dev/OMD/TOPquality/bulk_00481_.jpeg,,,,,,X,X,,
https://pub-6dd573008dee4009bea8855056470713.r2.dev/OMD/TOPquality/bulk_00520_.jpeg,,,,,,,X,,X
https://pub-6dd573008dee4009bea8855056470713.r2.dev/OMD/TOPquality/bulk_00525_.jpeg,,,X,,,,X,,
https://pub-6dd573008dee4009bea8855056470713.r2.dev/OMD/TOPquality/bulk_00542_.jpeg,,,X,,,,X,,
https://pub-6dd573008dee4009bea8855056470713.r2.dev/OMD/TOPquality/bulk_00565_.jpeg,,,,,,,X,,X
https://pub-6dd573008dee4009bea8855056470713.r2.dev/OMD/TOPquality/bulk_00566_.jpeg,,,,,,,X,,X
https://pub-6dd573008dee4009bea8855056470713.r2.dev/OMD/TOPquality/bulk_00603_.jpeg,,,,,,,X,,
https://pub-6dd573008dee4009bea8855056470713.r2.dev/OMD/TOPquality/bulk_00606_.jpeg,,,X,,,,X,,X
https://pub-6dd573008dee4009bea8855056470713.r2.dev/OMD/TOPquality/bulk_00636_.jpeg,,,X,,,,X,,
https://pub-6dd573008dee4009bea8855056470713.r2.dev/OMD/TOPquality/bulk_00692_.jpeg,,,X,,,,X,,X
https://pub-6dd573008dee4009bea8855056470713.r2.dev/OMD/TOPquality/bulk_00711_.jpeg,,,,,X,,X,,
https://pub-6dd573008dee4009bea8855056470713.r2.dev/OMD/TOPquality/bulk_00721_.jpeg,,,,,X,,X,,
https://pub-6dd573008dee4009bea8855056470713.r2.dev/OMD/TOPquality/bulk_00737_.jpeg,,,,,X,X,X,,
https://pub-6dd573008dee4009bea8855056470713.r2.dev/OMD/TOPquality/bulk_00757_.jpeg,,,X,,,,X,,
https://pub-6dd573008dee4009bea8855056470713.r2.dev/OMD/TOPquality/bulk_00774_.jpeg,,,,,,,X,,
https://pub-6dd573008dee4009bea8855056470713.r2.dev/OMD/TOPquality/bulk_00803_.jpeg,,,,,,,X,,
https://pub-6dd573008dee4009bea8855056470713.r2.dev/OMD/TOPquality/bulk_00826_.jpeg,X,,X,X,,,X,,
https://pub-6dd573008dee4009bea8855056470713.r2.dev/OMD/TOPquality/bulk_00829_.jpeg,,,,,,,X,,
https://pub-6dd573008dee4009bea8855056470713.r2.dev/OMD/TOPquality/bulk_00871_.jpeg,,,X,X,,,X,,
https://pub-6dd573008dee4009bea8855056470713.r2.dev/OMD/TOPquality/bulk_00880_.jpeg,,,,,X,,X,,
https://pub-6dd573008dee4009bea8855056470713.r2.dev/OMD/TOPquality/bulk_00910_.jpeg,,,X,,,,X,,
https://pub-6dd573008dee4009bea8855056470713.r2.dev/OMD/TOPquality/bulk_00934_.jpeg,,,,,,,X,,
https://pub-6dd573008dee4009bea8855056470713.r2.dev/OMD/TOPquality/bulk_00965_.jpeg,,X,,,,,X,,
https://pub-6dd573008dee4009bea8855056470713.r2.dev/OMD/TOPquality/bulk_01014_.jpeg,,X,,,,X,X,,
https://pub-6dd573008dee4009bea8855056470713.r2.dev/OMD/TOPquality/casino_00131_.jpeg,,X,,,,,X,,
https://pub-6dd573008dee4009bea8855056470713.r2.dev/OMD/TOPquality/casino_00139_.jpeg,,X,,,,,X,,
https://pub-6dd573008dee4009bea8855056470713.r2.dev/OMD/TOPquality/casino_00159_.jpeg,,,,,,,X,,
https://pub-6dd573008dee4009bea8855056470713.r2.dev/OMD/TOPquality/ComfyUI_00134_.jpeg,,,,,,,X,,X
https://pub-6dd573008dee4009bea8855056470713.r2.dev/OMD/TOPquality/ComfyUI_00144_.jpeg,,,,,,,X,,X
https://pub-6dd573008dee4009bea8855056470713.r2.dev/OMD/TOPquality/ComfyUI_00151_.jpeg,,,,,,,X,,X
https://pub-6dd573008dee4009bea8855056470713.r2.dev/OMD/TOPquality/ComfyUI_00153_.jpeg,,,,,,,X,,X
https://pub-6dd573008dee4009bea8855056470713.r2.dev/OMD/TOPquality/ComfyUI_00164_.jpeg,,,,,,,X,,X